#UC10

mysql> select count(Relation) from address_book where Relation = "Friend";
+-----------------+
| count(Relation) |
+-----------------+
|               1 |
+-----------------+
1 row in set (0.00 sec)

mysql> select count(Relation) from address_book where Relation = "Sister";
+-----------------+
| count(Relation) |
+-----------------+
|               1 |
+-----------------+
1 row in set (0.00 sec)